[{"weights": [{"name": "unused_Reshape/shape", "dtype": "int32", "shape": [4], "quantization": {"dtype": "uint8", "scale": 0.5058823529411764, "min": -1.011764705882353}}, {"name": "conv2d_0/kernel", "dtype": "float32", "shape": [3, 3, 3, 32], "quantization": {"dtype": "uint8", "scale": 0.006229220535240922, "min": -1.0963428142024023}}, {"name": "conv2d_0/bias", "dtype": "float32", "shape": [32], "quantization": {"dtype": "uint8", "scale": 0.009229176067838482, "min": -2.0211895588566273}}, {"name": "conv2d_1/kernel", "dtype": "float32", "shape": [3, 3, 32, 64], "quantization": {"dtype": "uint8", "scale": 0.00794055274888581, "min": -1.1513801485884423}}, {"name": "conv2d_1/bias", "dtype": "float32", "shape": [64], "quantization": {"dtype": "uint8", "scale": 0.004187015750828911, "min": -0.9839487014447941}}, {"name": "conv2d_2/kernel", "dtype": "float32", "shape": [3, 3, 64, 64], "quantization": {"dtype": "uint8", "scale": 0.013999465633841121, "min": -2.6318995391621307}}, {"name": "conv2d_2/bias", "dtype": "float32", "shape": [64], "quantization": {"dtype": "uint8", "scale": 0.0037124345699946085, "min": -0.8427226473887761}}, {"name": "conv2d_3/kernel", "dtype": "float32", "shape": [3, 3, 64, 64], "quantization": {"dtype": "uint8", "scale": 0.008715396301419128, "min": -1.368317219322803}}, {"name": "conv2d_3/bias", "dtype": "float32", "shape": [64], "quantization": {"dtype": "uint8", "scale": 0.0022804437753032236, "min": -0.5290629558703479}}, {"name": "conv2d_4/kernel", "dtype": "float32", "shape": [3, 3, 64, 64], "quantization": {"dtype": "uint8", "scale": 0.011885881891437605, "min": -2.2226599136988323}}, {"name": "conv2d_4/bias", "dtype": "float32", "shape": [64], "quantization": {"dtype": "uint8", "scale": 0.0020124191893082038, "min": -0.4809681862446607}}, {"name": "conv2d_5/kernel", "dtype": "float32", "shape": [3, 3, 64, 128], "quantization": {"dtype": "uint8", "scale": 0.011104925941018497, "min": -1.8212078543270336}}, {"name": "conv2d_5/bias", "dtype": "float32", "shape": [128], "quantization": {"dtype": "uint8", "scale": 0.0011017150592570212, "min": -0.24017388291803063}}, {"name": "conv2d_6/kernel", "dtype": "float32", "shape": [3, 3, 128, 128], "quantization": {"dtype": "uint8", "scale": 0.012181366191190831, "min": -2.009925421546487}}, {"name": "conv2d_6/bias", "dtype": "float32", "shape": [128], "quantization": {"dtype": "uint8", "scale": 0.0015788526511659809, "min": -0.3347167620471879}}, {"name": "conv2d_7/kernel", "dtype": "float32", "shape": [3, 3, 128, 256], "quantization": {"dtype": "uint8", "scale": 0.013691982100991642, "min": -2.3550209213705626}}, {"name": "conv2d_7/bias", "dtype": "float32", "shape": [256], "quantization": {"dtype": "uint8", "scale": 0.0009620819898212657, "min": -0.1452743804630111}}, {"name": "unused_flatten/Reshape/shape", "dtype": "int32", "shape": [2], "quantization": {"dtype": "uint8", "scale": 0.00784313725490196, "min": -1.003921568627451}}, {"name": "dense/kernel", "dtype": "float32", "shape": [6400, 1024], "quantization": {"dtype": "uint8", "scale": 0.01880466704275094, "min": -3.2720120654386635}}, {"name": "dense/bias", "dtype": "float32", "shape": [1024], "quantization": {"dtype": "uint8", "scale": 0.00283245981908312, "min": -0.24642400426023145}}, {"name": "logits/kernel", "dtype": "float32", "shape": [1024, 136], "quantization": {"dtype": "uint8", "scale": 0.005545294986051672, "min": -0.7818865930332858}}, {"name": "logits/bias", "dtype": "float32", "shape": [136], "quantization": {"dtype": "uint8", "scale": 0.002829533581640206, "min": 0.13660642504692078}}], "paths": ["face_landmark_68_model-shard1", "face_landmark_68_model-shard2"]}]