{"format": "layers-model", "generatedBy": "keras v2.1.6", "convertedBy": "TensorFlow.js Converter v3.0.0", "modelTopology": {"keras_version": "2.1.6", "backend": "tensorflow", "model_config": {"class_name": "Sequential", "config": [{"class_name": "Conv2D", "config": {"kernel_initializer": {"class_name": "VarianceScaling", "config": {"distribution": "uniform", "scale": 1.0, "seed": null, "mode": "fan_avg"}}, "name": "conv2d_1", "kernel_constraint": null, "bias_regularizer": null, "bias_constraint": null, "dtype": "float32", "activation": "linear", "trainable": true, "data_format": "channels_last", "filters": 64, "padding": "same", "strides": [1, 1], "dilation_rate": [1, 1], "kernel_regularizer": null, "bias_initializer": {"class_name": "Zeros", "config": {}}, "batch_input_shape": [null, 48, 48, 1], "use_bias": true, "activity_regularizer": null, "kernel_size": [3, 1]}}, {"class_name": "Conv2D", "config": {"kernel_constraint": null, "kernel_initializer": {"class_name": "VarianceScaling", "config": {"distribution": "uniform", "scale": 1.0, "seed": null, "mode": "fan_avg"}}, "name": "conv2d_2", "bias_regularizer": null, "bias_constraint": null, "activation": "linear", "trainable": true, "data_format": "channels_last", "padding": "same", "strides": [1, 1], "dilation_rate": [1, 1], "kernel_regularizer": null, "filters": 64, "bias_initializer": {"class_name": "Zeros", "config": {}}, "use_bias": true, "activity_regularizer": null, "kernel_size": [1, 3]}}, {"class_name": "BatchNormalization", "config": {"beta_constraint": null, "gamma_initializer": {"class_name": "Ones", "config": {}}, "moving_mean_initializer": {"class_name": "Zeros", "config": {}}, "name": "batch_normalization_1", "epsilon": 0.001, "trainable": true, "moving_variance_initializer": {"class_name": "Ones", "config": {}}, "beta_initializer": {"class_name": "Zeros", "config": {}}, "scale": true, "axis": -1, "gamma_constraint": null, "gamma_regularizer": null, "beta_regularizer": null, "momentum": 0.99, "center": true}}, {"class_name": "Activation", "config": {"activation": "relu", "trainable": true, "name": "activation_1"}}, {"class_name": "MaxPooling2D", "config": {"name": "max_pooling2d_1", "trainable": true, "data_format": "channels_last", "pool_size": [2, 2], "padding": "same", "strides": [2, 2]}}, {"class_name": "Dropout", "config": {"rate": 0.25, "noise_shape": null, "trainable": true, "seed": null, "name": "dropout_1"}}, {"class_name": "Conv2D", "config": {"kernel_constraint": null, "kernel_initializer": {"class_name": "VarianceScaling", "config": {"distribution": "uniform", "scale": 1.0, "seed": null, "mode": "fan_avg"}}, "name": "conv2d_3", "bias_regularizer": null, "bias_constraint": null, "activation": "linear", "trainable": true, "data_format": "channels_last", "padding": "same", "strides": [1, 1], "dilation_rate": [1, 1], "kernel_regularizer": null, "filters": 128, "bias_initializer": {"class_name": "Zeros", "config": {}}, "use_bias": true, "activity_regularizer": null, "kernel_size": [3, 1]}}, {"class_name": "Conv2D", "config": {"kernel_constraint": null, "kernel_initializer": {"class_name": "VarianceScaling", "config": {"distribution": "uniform", "scale": 1.0, "seed": null, "mode": "fan_avg"}}, "name": "conv2d_4", "bias_regularizer": null, "bias_constraint": null, "activation": "linear", "trainable": true, "data_format": "channels_last", "padding": "same", "strides": [1, 1], "dilation_rate": [1, 1], "kernel_regularizer": null, "filters": 128, "bias_initializer": {"class_name": "Zeros", "config": {}}, "use_bias": true, "activity_regularizer": null, "kernel_size": [1, 3]}}, {"class_name": "BatchNormalization", "config": {"beta_constraint": null, "gamma_initializer": {"class_name": "Ones", "config": {}}, "moving_mean_initializer": {"class_name": "Zeros", "config": {}}, "name": "batch_normalization_2", "epsilon": 0.001, "trainable": true, "moving_variance_initializer": {"class_name": "Ones", "config": {}}, "beta_initializer": {"class_name": "Zeros", "config": {}}, "scale": true, "axis": -1, "gamma_constraint": null, "gamma_regularizer": null, "beta_regularizer": null, "momentum": 0.99, "center": true}}, {"class_name": "Activation", "config": {"activation": "relu", "trainable": true, "name": "activation_2"}}, {"class_name": "MaxPooling2D", "config": {"name": "max_pooling2d_2", "trainable": true, "data_format": "channels_last", "pool_size": [2, 2], "padding": "same", "strides": [2, 2]}}, {"class_name": "Dropout", "config": {"rate": 0.25, "noise_shape": null, "trainable": true, "seed": null, "name": "dropout_2"}}, {"class_name": "Conv2D", "config": {"kernel_constraint": null, "kernel_initializer": {"class_name": "VarianceScaling", "config": {"distribution": "uniform", "scale": 1.0, "seed": null, "mode": "fan_avg"}}, "name": "conv2d_5", "bias_regularizer": null, "bias_constraint": null, "activation": "linear", "trainable": true, "data_format": "channels_last", "padding": "same", "strides": [1, 1], "dilation_rate": [1, 1], "kernel_regularizer": null, "filters": 256, "bias_initializer": {"class_name": "Zeros", "config": {}}, "use_bias": true, "activity_regularizer": null, "kernel_size": [3, 1]}}, {"class_name": "Conv2D", "config": {"kernel_constraint": null, "kernel_initializer": {"class_name": "VarianceScaling", "config": {"distribution": "uniform", "scale": 1.0, "seed": null, "mode": "fan_avg"}}, "name": "conv2d_6", "bias_regularizer": null, "bias_constraint": null, "activation": "linear", "trainable": true, "data_format": "channels_last", "padding": "same", "strides": [1, 1], "dilation_rate": [1, 1], "kernel_regularizer": null, "filters": 256, "bias_initializer": {"class_name": "Zeros", "config": {}}, "use_bias": true, "activity_regularizer": null, "kernel_size": [1, 3]}}, {"class_name": "BatchNormalization", "config": {"beta_constraint": null, "gamma_initializer": {"class_name": "Ones", "config": {}}, "moving_mean_initializer": {"class_name": "Zeros", "config": {}}, "name": "batch_normalization_3", "epsilon": 0.001, "trainable": true, "moving_variance_initializer": {"class_name": "Ones", "config": {}}, "beta_initializer": {"class_name": "Zeros", "config": {}}, "scale": true, "axis": -1, "gamma_constraint": null, "gamma_regularizer": null, "beta_regularizer": null, "momentum": 0.99, "center": true}}, {"class_name": "Activation", "config": {"activation": "relu", "trainable": true, "name": "activation_3"}}, {"class_name": "MaxPooling2D", "config": {"name": "max_pooling2d_3", "trainable": true, "data_format": "channels_last", "pool_size": [2, 2], "padding": "same", "strides": [2, 2]}}, {"class_name": "Dropout", "config": {"rate": 0.25, "noise_shape": null, "trainable": true, "seed": null, "name": "dropout_3"}}, {"class_name": "Conv2D", "config": {"kernel_constraint": null, "kernel_initializer": {"class_name": "VarianceScaling", "config": {"distribution": "uniform", "scale": 1.0, "seed": null, "mode": "fan_avg"}}, "name": "conv2d_7", "bias_regularizer": null, "bias_constraint": null, "activation": "linear", "trainable": true, "data_format": "channels_last", "padding": "same", "strides": [1, 1], "dilation_rate": [1, 1], "kernel_regularizer": null, "filters": 512, "bias_initializer": {"class_name": "Zeros", "config": {}}, "use_bias": true, "activity_regularizer": null, "kernel_size": [3, 1]}}, {"class_name": "Conv2D", "config": {"kernel_constraint": null, "kernel_initializer": {"class_name": "VarianceScaling", "config": {"distribution": "uniform", "scale": 1.0, "seed": null, "mode": "fan_avg"}}, "name": "conv2d_8", "bias_regularizer": null, "bias_constraint": null, "activation": "linear", "trainable": true, "data_format": "channels_last", "padding": "same", "strides": [1, 1], "dilation_rate": [1, 1], "kernel_regularizer": null, "filters": 512, "bias_initializer": {"class_name": "Zeros", "config": {}}, "use_bias": true, "activity_regularizer": null, "kernel_size": [1, 3]}}, {"class_name": "BatchNormalization", "config": {"beta_constraint": null, "gamma_initializer": {"class_name": "Ones", "config": {}}, "moving_mean_initializer": {"class_name": "Zeros", "config": {}}, "name": "batch_normalization_4", "epsilon": 0.001, "trainable": true, "moving_variance_initializer": {"class_name": "Ones", "config": {}}, "beta_initializer": {"class_name": "Zeros", "config": {}}, "scale": true, "axis": -1, "gamma_constraint": null, "gamma_regularizer": null, "beta_regularizer": null, "momentum": 0.99, "center": true}}, {"class_name": "Activation", "config": {"activation": "relu", "trainable": true, "name": "activation_4"}}, {"class_name": "MaxPooling2D", "config": {"name": "max_pooling2d_4", "trainable": true, "data_format": "channels_last", "pool_size": [2, 2], "padding": "same", "strides": [2, 2]}}, {"class_name": "Dropout", "config": {"rate": 0.25, "noise_shape": null, "trainable": true, "seed": null, "name": "dropout_4"}}, {"class_name": "Flatten", "config": {"trainable": true, "name": "flatten_1", "data_format": "channels_last"}}, {"class_name": "Dense", "config": {"kernel_initializer": {"class_name": "VarianceScaling", "config": {"distribution": "uniform", "scale": 1.0, "seed": null, "mode": "fan_avg"}}, "name": "dense_1", "kernel_constraint": null, "bias_regularizer": null, "bias_constraint": null, "activation": "linear", "trainable": true, "kernel_regularizer": null, "bias_initializer": {"class_name": "Zeros", "config": {}}, "units": 512, "use_bias": true, "activity_regularizer": null}}, {"class_name": "BatchNormalization", "config": {"beta_constraint": null, "gamma_initializer": {"class_name": "Ones", "config": {}}, "moving_mean_initializer": {"class_name": "Zeros", "config": {}}, "name": "batch_normalization_5", "epsilon": 0.001, "trainable": true, "moving_variance_initializer": {"class_name": "Ones", "config": {}}, "beta_initializer": {"class_name": "Zeros", "config": {}}, "scale": true, "axis": -1, "gamma_constraint": null, "gamma_regularizer": null, "beta_regularizer": null, "momentum": 0.99, "center": true}}, {"class_name": "Activation", "config": {"activation": "relu", "trainable": true, "name": "activation_5"}}, {"class_name": "Dropout", "config": {"rate": 0.25, "noise_shape": null, "trainable": true, "seed": null, "name": "dropout_5"}}, {"class_name": "Dense", "config": {"kernel_initializer": {"class_name": "VarianceScaling", "config": {"distribution": "uniform", "scale": 1.0, "seed": null, "mode": "fan_avg"}}, "name": "dense_2", "kernel_constraint": null, "bias_regularizer": null, "bias_constraint": null, "activation": "linear", "trainable": true, "kernel_regularizer": null, "bias_initializer": {"class_name": "Zeros", "config": {}}, "units": 256, "use_bias": true, "activity_regularizer": null}}, {"class_name": "BatchNormalization", "config": {"beta_constraint": null, "gamma_initializer": {"class_name": "Ones", "config": {}}, "moving_mean_initializer": {"class_name": "Zeros", "config": {}}, "name": "batch_normalization_6", "epsilon": 0.001, "trainable": true, "moving_variance_initializer": {"class_name": "Ones", "config": {}}, "beta_initializer": {"class_name": "Zeros", "config": {}}, "scale": true, "axis": -1, "gamma_constraint": null, "gamma_regularizer": null, "beta_regularizer": null, "momentum": 0.99, "center": true}}, {"class_name": "Activation", "config": {"activation": "relu", "trainable": true, "name": "activation_6"}}, {"class_name": "Dropout", "config": {"rate": 0.25, "noise_shape": null, "trainable": true, "seed": null, "name": "dropout_6"}}, {"class_name": "Dense", "config": {"kernel_initializer": {"class_name": "VarianceScaling", "config": {"distribution": "uniform", "scale": 1.0, "seed": null, "mode": "fan_avg"}}, "name": "dense_3", "kernel_constraint": null, "bias_regularizer": null, "bias_constraint": null, "activation": "linear", "trainable": true, "kernel_regularizer": null, "bias_initializer": {"class_name": "Zeros", "config": {}}, "units": 7, "use_bias": true, "activity_regularizer": null}}, {"class_name": "Activation", "config": {"activation": "softmax", "trainable": true, "name": "activation_7"}}]}, "training_config": {"metrics": ["fbeta", "acc"], "loss": "categorical_crossentropy", "optimizer_config": {"class_name": "Adam", "config": {"beta_1": 0.8999999761581421, "beta_2": 0.9990000128746033, "decay": 0.0, "epsilon": 1e-07, "amsgrad": false, "lr": 0.0010000000474974513}}, "loss_weights": null, "sample_weight_mode": null}}, "weightsManifest": [{"paths": ["group1-shard1of4.bin", "group1-shard2of4.bin", "group1-shard3of4.bin", "group1-shard4of4.bin"], "weights": [{"name": "batch_normalization_1/gamma", "shape": [64], "dtype": "float32"}, {"name": "batch_normalization_1/beta", "shape": [64], "dtype": "float32"}, {"name": "batch_normalization_1/moving_mean", "shape": [64], "dtype": "float32"}, {"name": "batch_normalization_1/moving_variance", "shape": [64], "dtype": "float32"}, {"name": "batch_normalization_2/gamma", "shape": [128], "dtype": "float32"}, {"name": "batch_normalization_2/beta", "shape": [128], "dtype": "float32"}, {"name": "batch_normalization_2/moving_mean", "shape": [128], "dtype": "float32"}, {"name": "batch_normalization_2/moving_variance", "shape": [128], "dtype": "float32"}, {"name": "batch_normalization_3/gamma", "shape": [256], "dtype": "float32"}, {"name": "batch_normalization_3/beta", "shape": [256], "dtype": "float32"}, {"name": "batch_normalization_3/moving_mean", "shape": [256], "dtype": "float32"}, {"name": "batch_normalization_3/moving_variance", "shape": [256], "dtype": "float32"}, {"name": "batch_normalization_4/gamma", "shape": [512], "dtype": "float32"}, {"name": "batch_normalization_4/beta", "shape": [512], "dtype": "float32"}, {"name": "batch_normalization_4/moving_mean", "shape": [512], "dtype": "float32"}, {"name": "batch_normalization_4/moving_variance", "shape": [512], "dtype": "float32"}, {"name": "batch_normalization_5/gamma", "shape": [512], "dtype": "float32"}, {"name": "batch_normalization_5/beta", "shape": [512], "dtype": "float32"}, {"name": "batch_normalization_5/moving_mean", "shape": [512], "dtype": "float32"}, {"name": "batch_normalization_5/moving_variance", "shape": [512], "dtype": "float32"}, {"name": "batch_normalization_6/gamma", "shape": [256], "dtype": "float32"}, {"name": "batch_normalization_6/beta", "shape": [256], "dtype": "float32"}, {"name": "batch_normalization_6/moving_mean", "shape": [256], "dtype": "float32"}, {"name": "batch_normalization_6/moving_variance", "shape": [256], "dtype": "float32"}, {"name": "conv2d_1/kernel", "shape": [3, 1, 1, 64], "dtype": "float32"}, {"name": "conv2d_1/bias", "shape": [64], "dtype": "float32"}, {"name": "conv2d_2/kernel", "shape": [1, 3, 64, 64], "dtype": "float32"}, {"name": "conv2d_2/bias", "shape": [64], "dtype": "float32"}, {"name": "conv2d_3/kernel", "shape": [3, 1, 64, 128], "dtype": "float32"}, {"name": "conv2d_3/bias", "shape": [128], "dtype": "float32"}, {"name": "conv2d_4/kernel", "shape": [1, 3, 128, 128], "dtype": "float32"}, {"name": "conv2d_4/bias", "shape": [128], "dtype": "float32"}, {"name": "conv2d_5/kernel", "shape": [3, 1, 128, 256], "dtype": "float32"}, {"name": "conv2d_5/bias", "shape": [256], "dtype": "float32"}, {"name": "conv2d_6/kernel", "shape": [1, 3, 256, 256], "dtype": "float32"}, {"name": "conv2d_6/bias", "shape": [256], "dtype": "float32"}, {"name": "conv2d_7/kernel", "shape": [3, 1, 256, 512], "dtype": "float32"}, {"name": "conv2d_7/bias", "shape": [512], "dtype": "float32"}, {"name": "conv2d_8/kernel", "shape": [1, 3, 512, 512], "dtype": "float32"}, {"name": "conv2d_8/bias", "shape": [512], "dtype": "float32"}, {"name": "dense_1/kernel", "shape": [4608, 512], "dtype": "float32"}, {"name": "dense_1/bias", "shape": [512], "dtype": "float32"}, {"name": "dense_2/kernel", "shape": [512, 256], "dtype": "float32"}, {"name": "dense_2/bias", "shape": [256], "dtype": "float32"}, {"name": "dense_3/kernel", "shape": [256, 7], "dtype": "float32"}, {"name": "dense_3/bias", "shape": [7], "dtype": "float32"}]}]}